,code
0,9413
1,eyy3713
2,geg0440
3,rff1262
4,kjo7479
5,hyd9169
6,uwo0700
7,uzh2342
8,jus8279
9,ygg0803
10,tap4927
11,yyw4964
12,lsv2867
13,krq7872
14,vey1784
15,ebi8666
16,pwq5482
17,ear6947
18,aux4405
19,lgg2261
20,bnu3860
21,ylb4897
22,ibq3962
23,pbi5867
24,zck6035
25,kgu5515
26,okq8122
27,bix8460
28,vwt3574
29,ceg4108
30,tlu8067
31,xvi2451
32,vad8483
33,ond7180
34,eyu4821
35,vrg5994
36,obj4874
37,yfg8902
38,uof3333
39,hrr7921
40,wzp8676
41,byf6680
42,iiz2283
43,jkh4412
44,vto0592
45,nrn2093
46,xwh9823
47,twv6471
48,iqg4937
49,dqf1391
50,cwd6472
51,xuc0371
52,qwh0952
53,ekp9406
54,vdu7682
55,dkr3422
56,qaj3741
57,xuh9589
58,uea7633
59,umw4847
60,lnn5234
61,xrl2648
62,pot6967
63,rid7823
64,lax6358
65,epm5137
66,lli1567
67,egg0013
68,qgx5509
69,ico8884
70,wfc3839
71,nba9252
72,uxb5015
73,gxu8695
74,bkf6028
75,ovy5489
76,rbe5941
77,iah7873
78,xdo1826
79,hcd3641
80,wax1212
81,yac0179
82,fsr6160
83,yvu9343
84,oyt1014
85,bud7127
86,ule4818
87,bzt1573
88,yak6333
89,kgq5871
90,bia2193
91,niw9535
92,wyt1269
93,nhd8453
94,tjz7153
95,xvf2982
96,wdi7207
97,blg7613
98,nrm5651
99,zwm2364
100,nfd7350
101,pjk3224
102,gdw2928
103,kox5581
104,sgr9146
105,agr7222
106,kxl0199
107,dil0896
108,udb3921
109,ant0797
110,bcx4332
111,ota9320
112,eyk1507
113,odn8860
114,hye2226
115,dgt1528
116,msz4206
117,pzi3187
118,ecn0382
119,lcz2741
120,qih1176
121,dbr7212
122,hoz7658
123,yeu5794
124,xkw5497
125,znk3091
126,hww1993
127,pna2152
128,pfd9161
129,tuc1135
130,fxc1338
131,czw9959
132,tgr7858
133,uhc7705
134,hbg0146
135,lpd6811
136,vka4796
137,kym5962
138,rmv9713
139,uyx5810
140,osy0214
141,koz3816
142,ved6660
143,fmn8415
144,iwr5042
145,ymw6749
146,hou8295
147,csb4599
148,xqw3261
149,knp6650
150,awj8781
151,tgb0943
152,cao3739
153,cws8577
154,nbp3776
155,awh9407
156,bhc1552
157,vln4503
158,yew2378
159,sec8756
160,jje5310
161,ooq9145
162,ozl7899
163,lhw0926
164,scn7659
165,sjm9413
166,xbh3501
167,vkc1681
168,sxp3956
169,jeu6815
170,zuy6051
171,opd6017
172,ehm3705
173,qux1798
174,ojd6783
175,oxo4145
176,tcc5487
177,llq9698
178,ius4556
179,zcz7099
180,cbn4389
181,gwt5194
182,kni4135
183,dgu9147
184,nmf6357
185,xwo5510
186,rxh8233
187,gog4745
188,ylc7811
189,nki0576
190,mpf7465
191,iji2575
192,yfm5653
193,rro9232
194,xvb2130
195,hnl4228
196,cty3603
197,wwz1571
198,bwe3127
199,osa4052
200,xfc6439
201,gkq9865
202,nio9790
203,qdg8679
204,vsq7803
205,aps7081
206,ken0872
207,pbc7085
208,deo4690
209,jwy1556
210,viw4848
211,nmb3778
212,rug0896
213,wea2729
214,sxe6108
215,nzk1581
216,mww9817
217,jun1153
218,arw9608
219,jid2801
220,saq1038
221,svh6993
222,mge7409
223,fai4682
224,sib9926
225,cqc3403
226,eut5802
227,cmk3773
228,dkv2762
229,wpa6785
230,dln2939
231,sxm0531
232,trx5755
233,cvt6829
234,xkf6862
235,mos1043
236,soj0687
237,lmc0732
238,fnf0840
239,lxb0392
240,hpx1101
241,tkk4559
242,dil8316
243,fjp9598
244,otw8281
245,yod7778
246,zdu2268
247,jav3691
248,hrm7916
249,cea8742
250,qwn4262
251,dmh9709
252,lii3922
253,xcb5307
254,aav8909
255,vic1987
256,hwp9104
257,iky1401
258,pxu2965
259,uim0825
260,ava5099
261,tpc2816
262,qbf9905
263,xlq5422
264,evs7552
265,vnw0028
266,ilu5019
267,enc8562
268,aga9952
269,gsy5579
270,iyt6269
271,gdl8189
272,tiz5583
273,nvn2219
274,muh6729
275,hsv4538
276,yxo2372
277,opx7402
278,hpd5528
279,tev0925
280,mum0645
281,luz7537
282,vqe8670
283,cpt9662
284,nht5100
285,gmo9043
286,qul1995
287,bnd7980
288,ujp3794
289,dpd9014
290,mkr7409
291,diw5968
292,sbh9568
293,icr6499
294,hxa6355
295,tts0458
296,qfj2190
297,igl0055
298,foe6650
299,mfo2620
300,jye3502
301,enl6261
302,gcd4962
303,lgd4081
304,pwu3957
305,bpj9233
306,xui9545
307,tsw7292
308,vau6117
309,bml6766
310,aqz1381
311,mcp0305
312,hzh5371
313,mek9658
314,jpm8272
315,zdn6432
316,sma3837
317,axt1259
318,xdx8134
319,kqm9412
320,pjr8539
321,iwd2226
322,ola6658
323,lya6795
324,dzn4036
325,lwe8617
326,pry2799
327,rmq2393
328,dav9044
329,eah7229
330,abp9964
331,veb7471
332,dbp2198
333,cre5950
334,icf2881
335,mey4721
336,bum5104
337,imt3088
338,yim8021
339,blh6976
340,yzk3507
341,cif7683
342,lnm6967
343,xlq2161
344,amn3344
345,slv1948
346,ors5280
347,brw7207
348,bev7969
349,wnv4489
350,kfc4195
351,roy0448
352,yei4232
353,agj2645
354,ogn2367
355,zfu9314
356,sek0162
357,cyj3587
358,mem2409
359,bxw8388
360,sdz2096
361,xss7659
362,cyi0641
363,mbd9598
364,qlq6204
365,kim9808
366,caz9043
367,weq3720
368,add4603
369,erl5472
370,yan6747
371,egt2182
372,dka6368
373,vnb5072
374,cko1450
375,jnd6575
376,ryc6695
377,kfd3875
378,som4786
379,itq0894
380,syi8949
381,bmo7243
382,bsl3422
383,ube2506
384,oae6567
385,yzr9545
386,hwz3743
387,lwf9344
388,kwz6224
389,vge1753
390,sma7911
391,tdj6846
392,fmm1364
393,xrt3949
394,rwp6426
395,jpg5151
396,bzt5599
397,smk3671
398,kjl3992
399,smv9691
400,hwo5678
401,ttj4287
402,ttl2444
403,whx1298
404,rsh1685
405,kvj5186
406,mrm9034
407,clh9255
408,chd3823
409,nga5321
410,xzk6131
411,vml5559
412,ahi0295
413,aii7596
414,gbj4757
415,aek3362
416,bts9126
417,knq6034
418,qxn2471
419,vyt9614
420,dno9296
421,gas2761
422,cnm3636
423,gvs2268
424,ogh1587
425,eig6614
426,qhl5018
427,alu6808
428,egf1692
429,jmq9353
430,sum4411
431,hpj8741
432,opg2253
433,xnc3703
434,nbs2791
435,grm7856
436,xhn1835
437,shy6459
438,tio6518
439,dqj6983
440,xyd5547
441,xdw1539
442,waq7103
443,rtq8260
444,qnz5406
445,ifh5443
446,ezg6543
447,myv8849
448,smf8259
449,nqp4605
450,emw9464
451,zwp2212
452,wjk4991
453,imw4493
454,uqg4252
455,wbw7306
456,zkg5119
457,bwc2328
458,qmu9062
459,qvx7745
460,wwe2435
461,uxh4147
462,gyn3729
463,wwk2225
464,vbf9428
465,jtd9955
466,ese8188
467,ebr9819
468,olw0440
469,rvs9634
470,qmx3067
471,ota0512
472,veb1070
473,htb8549
474,itx1133
475,aty6396
476,vyd0535
477,fap0280
478,ggg3313
479,tds7645
480,pxm2358
481,ddh6166
482,wzr9958
483,omn0773
484,oyh6611
485,uap2830
486,ajg3848
487,qrz1057
488,eyl1874
489,dtb8838
490,jfo3120
491,ilp4848
492,aci5293
493,adz5618
494,dlc0231
495,wow7583
496,cbi4554
497,cwy9368
498,evp5242
499,jam7626
500,ufw6478
501,hlg5300
502,glh3349
503,mzb8262
504,jis1308
505,rkq5099
506,dfn4270
507,mvw1676
508,xbo3818
509,erp7118
510,xym6697
511,bwr8919
512,qdv7250
513,imv9835
514,ugc2099
515,xhb5461
516,vja5141
517,knn0855
518,xbn9169
519,cxf5324
520,kdm3826
521,dza6201
522,swg7654
523,cqe3236
524,iwq4192
525,nfb2723
526,aqv0443
527,lun3229
528,qre0380
529,gzw1318
530,uop3315
531,tne6087
532,dje4280
533,oig5157
534,fkt3765
535,mnm8419
536,egm2518
537,tjw3797
538,amx8022
539,yot3072
540,hqc3335
541,gcx2973
542,dna3211
543,sre7197
544,kbx5077
545,hgv5034
546,sna2446
547,ioz9305
548,ien4693
549,lti3414
550,dnt2573
551,pup7387
552,ags0922
553,xra7475
554,alr6521
555,fdl4005
556,zrn5840
557,ytv0673
558,zhg3220
559,lwv4613
560,zdh5102
561,lev8118
562,fvo3883
563,mvc8490
564,xoo5709
565,pvo4881
566,eis2393
567,euo1485
568,fwx4688
569,bwx9168
570,otl7496
571,ben1187
572,sdy0198
573,vay4601
574,snm9870
575,zry9050
576,hqb1162
577,vbz8635
578,slc5160
579,lhf7691
580,lyc7720
581,ddj5650
582,jzs4942
583,xrn4105
584,efw5878
585,clp8486
586,adr4705
587,pnz0379
588,xqm0715
589,wkp5901
590,hih7309
591,lom1276
592,xxf6142
593,wwl9865
594,pyq7970
595,sfu5898
596,gvo9342
597,mfl6180
598,jan4401
599,mbr5854
600,sku6999
601,lpm9115
602,zwm3780
603,ize1667
604,hoj0501
605,njd1137
606,ymo2012
607,lqk8582
608,dik5443
609,geb3626
610,rgy2329
611,ptr3719
612,jwi9925
613,fhw9084
614,vha3154
615,fwv6000
616,vfs0744
617,rch5968
618,wnk5789
619,wzd5717
620,zyf5825
621,loe4626
622,tqz8039
623,eyz4521
624,oib2390
625,fvo6670
626,uaq5447
627,rqk7889
628,acl3097
629,lib2604
630,waa1860
631,akn1686
632,hag7762
633,tip2947
634,ifo1602
635,dlp8613
636,aho9902
637,gvo2466
638,quh3466
639,phd5643
640,sor2805
641,cyp5138
642,kux8893
643,mkt6975
644,esy4555
645,jmb1690
646,pac7975
647,dgk1419
648,qhz1836
649,wgn5410
650,ale8253
651,ets5421
652,mzf8541
653,izh3808
654,ytx6579
655,rwf6928
656,old2046
657,kun8030
658,nkr6386
659,xzs5398
660,bny0142
661,qql6072
662,znf1355
663,tkd6560
664,igh3083
665,xpd6338
666,pof9106
667,owd7672
668,qwh2782
669,fjo2075
670,dpn5633
671,drp8773
672,sis8284
673,ynu7873
674,hid8209
675,nxp0659
676,cqp4091
677,mwx5252
678,qwq4741
679,prl3100
680,dba8331
681,hej7561
682,wqs5159
683,nja1269
684,rdd7642
685,oks3477
686,ryv2531
687,bah7357
688,kka3061
689,bnb0470
690,ghs9937
691,xag5635
692,jgu4115
693,xyc1063
694,qct1086
695,mhw1115
696,mei7256
697,gie4369
698,bni6124
699,men1920
700,oti8102
701,ypn8273
702,gfn5429
703,odq7514
704,cae0808
705,fff2860
706,nmh9056
707,slt0002
708,daj3133
709,hsd9493
710,dsm4980
711,pia1481
712,cie4869
713,pui7247
714,kuh1645
715,rxd4288
716,low6519
717,tsh7761
718,qyh1582
719,xfs4674
720,vaj8953
721,ezr8229
722,kpk4014
723,udd0474
724,rll0205
725,vil5894
726,nty5669
727,csu6925
728,aea7637
729,wez4843
730,jnn3049
731,agi8458
732,amz1565
733,eai5151
734,hid5158
735,hov7169
736,qse0382
737,kde6802
738,tdd1656
739,ytg9810
740,kuk2276
741,xpg8569
742,lle3481
743,bfv9244
744,tej9073
745,jtf3723
746,bzy8442
747,fcy9872
748,ytr7092
749,odu6169
750,etf6980
751,svu4601
752,luz5695
753,wrh1772
754,pzj2014
755,mdh7924
756,zal2237
757,xfm8616
758,hgg9142
759,xmq0777
760,jfl1043
761,bbq0932
762,bfi0766
763,nqm1183
764,snp7745
765,dxa1765
766,oeq1800
767,khu9570
768,jzj7333
769,ziq1541
770,eif5369
771,wdm5165
772,lhv6846
773,wqm2705
774,aio2943
775,zmi1101
776,why3262
777,khx3329
778,caj2398
779,typ8490
780,vlm0119
781,sek9185
782,kpe6037
783,tle6336
784,dgk2675
785,phe9537
786,sxv9453
787,hbb2472
788,jpj0442
789,uax0646
790,mtb5414
791,bow5638
792,ppu9650
793,pku0685
794,bcw9349
795,mxm0971
796,vil4152
797,dqg2755
798,vkd5165
799,feg4282
800,mni4665
801,fwv8382
802,plo0162
803,qnr5616
804,upr9567
805,kas0751
806,cnk0352
807,kee0757
808,vxx4549
809,qub7475
810,zwk6116
811,kus7048
812,jnu0744
813,yrk5845
814,osd0096
815,mil8480
816,zni5663
817,bcm9527
818,rgq3430
819,nql9497
820,sdn4225
821,nkg3478
822,blm2918
823,drp0856
824,zth1936
825,axl5878
826,tdy1179
827,rqd0122
828,seb4347
829,lht3410
830,fuu6528
831,nww8203
832,zhu4779
833,hua3147
834,cvd6599
835,rjl8721
836,vpu4412
837,hhx4261
838,qwr9092
839,kuz6703
840,qft3523
841,yjc5550
842,uai7697
843,qiq2302
844,hkn5627
845,wrz8127
846,lzv2366
847,khw5314
848,and6001
849,mdt9399
850,geo9035
851,wzi1158
852,any2086
853,kue5169
854,suf8631
855,kqb1383
856,ouv0236
857,jly0979
858,ruo2061
859,nji4497
860,uam8284
861,gkk9858
862,tsg0018
863,jtq4259
864,eaj1626
865,whe6705
866,ppk2564
867,ieq3815
868,boo3125
869,kza9761
870,lpm3908
871,pdk4466
872,otu9300
873,jzz3534
874,pwb5093
875,ayo2537
876,eak5612
877,nqm4994
878,enz7285
879,bys3586
880,mvo3802
881,lmb1546
882,bxg9300
883,zvg6819
884,tsm5988
885,qkk1815
886,moe4256
887,vzs3692
888,qtx1896
889,rkg4891
890,osv3746
891,xeb4058
892,wjq3592
893,hwz4782
894,npo7671
895,inn1877
896,sdw4871
897,tck4013
898,vul7973
899,bkc3913
900,aiy9033
901,uri5786
902,rds6350
903,iac6599
904,lhk9941
905,rrd5955
906,cxu7412
907,bmg4337
908,qmt0999
909,epz0471
910,vdn2225
911,awu9696
912,hji0666
913,opp7522
914,dom4782
915,uvi6916
916,kzc1153
917,yxx7251
918,kxz2901
919,djg8448
920,fcw4784
921,lbd9431
922,spa2427
923,kwt1246
924,pry4974
925,hru5088
926,wnr3881
927,bng0984
928,bjc0391
929,zuu6039
930,vmu3704
931,jvd9709
932,zxj9424
933,qzz4273
934,lvc1309
935,xkm7026
936,wqw1060
937,byr0360
938,bnz9763
939,jij8482
940,vce6079
941,cmc4572
942,owc4098
943,jvi3904
944,zuf6433
945,ljl5838
946,orc4283
947,ngt4366
948,dsc6517
949,vld3860
950,asn7936
951,ggj2217
952,jsr8728
953,hew7584
954,hwy1847
955,xlx9128
956,hor4085
957,dex9979
958,eko4280
959,ygk6334
960,ekr8236
961,kov3013
962,him8708
963,uhy2493
964,jfc0639
965,xjc3902
966,sbj1828
967,qno8586
968,whc0678
969,dej1645
970,miy4432
971,hkp8306
972,wpq0302
973,tes1295
974,acg6348
975,jls4911
976,mfz1372
977,gdu8906
978,lhi9738
979,iyj9623
980,fyt8420
981,ceu3315
982,ojs7592
983,voo0566
984,laz5586
985,ulb8067
986,qhw1415
987,goa4675
988,tik8942
989,dzv9224
990,quv1820
991,yzh6420
992,cih1090
993,mfi6013
994,mug6528
995,ibj9209
996,ovy0101
997,fvx4615
998,kgb5558
999,eme2596
1000,wkb7041
1001,nhw3225
1002,gox8414
1003,cfh2042
1004,ccz6004
1005,ywz7320
1006,btq6872
1007,wgd8048
1008,lcn8651
1009,gwj7669
1010,yls8857
1011,cit7589
1012,mzw2704
1013,amx5604
1014,fee2518
1015,dcb9457
1016,wqq4785
1017,xji6024
1018,wrp9564
1019,bex9578
1020,lkt3260
1021,non8005
1022,pdg9533
1023,rug5633
1024,odj2780
1025,dcp8909
1026,kif4172
1027,iuc4537
1028,nrq4981
1029,lgt1270
1030,tqo9540
1031,igw1263
1032,daw6739
1033,okl1578
1034,pgv3153
1035,pio4690
1036,qim6264
1037,pek7574
1038,gev2892
1039,hdm9829
1040,yuj5130
1041,zsp3653
1042,gwj3038
1043,gsq7659
1044,fys4184
1045,rzs5052
1046,lwz6586
1047,adx1173
1048,dzg4207
1049,qah9678
1050,teu4195
1051,box9090
1052,ryp4976
1053,saw7542
1054,ias9941
1055,ncq8570
1056,orx8492
1057,nkj6943
1058,yxl4821
1059,wqi2228
1060,ocz1881
1061,rcl2627
1062,aic6589
1063,lbw2725
1064,lmt2711
1065,xgj2122
1066,xig4983
1067,ead5545
1068,dmi8139
1069,icj1652
1070,qxo3635
1071,pkf0814
1072,fnn2957
1073,jlb8328
1074,pbs5140
1075,dtf1174
1076,ypx4891
1077,dgj3220
1078,crf5423
1079,czm4802
1080,zek8491
1081,ljt3246
1082,hmc9013
1083,rdh9419
1084,okg7056
1085,fku4701
1086,mgf4882
1087,wgn5981
1088,qre5100
1089,dbz1914
1090,bay1691
1091,xde0356
1092,uyq9354
1093,aso1482
1094,dzd2964
1095,tcw6346
1096,ypt8143
1097,liu0342
1098,yik9135
1099,lay6154
1100,usy3495
1101,cye3221
1102,zvx1715
1103,hol8646
1104,rzv0127
1105,kqw2237
1106,lgi9431
1107,smx3039
1108,wuz2820
1109,bzx7933
1110,rsi5039
1111,hxo2634
1112,iwg9983
1113,wsw7630
1114,quu8433
1115,xsr7773
1116,jom4669
1117,qod9797
1118,uqe0169
1119,fex9423
1120,vmj5799
1121,fbt4605
1122,bai2179
1123,nck4276
1124,ctk7609
1125,lpx2528
1126,rii1511
1127,ctx3785
1128,ouh0705
1129,zni5583
1130,pau2626
1131,yku8847
1132,eil2850
1133,kiw6908
1134,oot5078
1135,tuu9923
1136,jbp2979
1137,jnu6791
1138,zvh9960
1139,zsl5119
1140,iuz4315
1141,cso5078
1142,zcm7984
1143,ljk8666
1144,yll5722
1145,qsq9635
1146,jnr9072
1147,jdz9131
1148,zah9443
1149,umx3864
1150,kyd0039
1151,xnl1103
1152,gvm2447
1153,kvb4378
1154,stt2689
1155,puj5648
1156,azj9485
1157,cgx8336
1158,sjb7742
1159,tfu0951
1160,jjb6768
1161,yxy7397
1162,gex0267
1163,mof3626
1164,ivf7674
1165,bka3032
1166,hsf4764
1167,ahz0299
1168,syq0591
1169,rqb5895
1170,ila5851
1171,rjt3971
1172,qka3548
1173,njd7412
1174,ggc4108
1175,uhz1757
1176,bln6289
1177,ivu9986
1178,ogf0610
1179,vtk0127
1180,yls8543
1181,ktw5486
1182,vkw0633
1183,wnn8571
1184,oeu4962
1185,aiu7265
1186,nxk7359
1187,fkp2528
1188,pqw2574
1189,jfd9669
1190,bkq2464
1191,hwl9347
1192,qfd7695
1193,tnr5813
1194,nws5043
1195,hnw8814
1196,qaj0110
1197,dhf7116
1198,xsp9880
1199,zau9732
1200,hyj8019
1201,ebk4305
1202,nyw3989
1203,qkj0998
1204,pyf4807
1205,tpf3704
1206,vbe0687
1207,hcs5122
1208,bod2059
1209,hsu5153
1210,xvv6061
1211,eqe1688
1212,ijr7332
1213,yyy0504
1214,hjw2180
1215,bkm6906
1216,lgr6722
1217,ivh5906
1218,pkv4977
1219,ngk0389
1220,jdj6821
1221,dmn9720
1222,ejr0252
1223,laa5425
1224,rwj8101
1225,fky3927
1226,qbl3868
1227,kuj4424
1228,xfa9909
1229,qzc1401
1230,hii9689
1231,pxv3064
1232,wks1674
1233,bxw1026
1234,kcp0088
1235,lsd8584
1236,vke4388
1237,wao9326
1238,rad4699
1239,lmp6790
1240,dkz3831
1241,znf3427
1242,zls6417
1243,zuc2017
1244,ebj0508
1245,cuh0339
1246,oaq5420
1247,vkq6929
1248,kfh8874
1249,cjc7939
1250,fai6360
1251,fbj0506
1252,ymy9962
1253,qit9378
1254,iwk3027
1255,acf9673
1256,iig4421
1257,stc1135
1258,jfu8342
1259,aof4502
1260,kqb9154
1261,dka4324
1262,qtn3477
1263,vpi0030
1264,ovy5284
1265,jjj2686
1266,wxd9668
1267,mrp2854
1268,vjm1238
1269,yfd5125
1270,ymc2468
1271,tsv9238
1272,uqj2434
1273,wzy7168
1274,yld6267
1275,dpp5116
1276,kwp4409
1277,sip7341
1278,ukp6590
1279,wtq4307
1280,ogc7956
1281,zcx8299
1282,hap8167
1283,hzo7230
1284,jbk2899
1285,zyd2874
1286,qnp0150
1287,los9154
1288,fxy5997
1289,bim4630
1290,mpl3540
1291,frh4474
1292,ztx7102
1293,uif6276
1294,xwn8012
1295,uag3002
1296,rks3495
1297,wwp8394
1298,vms7767
1299,bfy1812
1300,oxr2072
1301,ftt9554
1302,dbe9770
1303,dgg8142
1304,ifk6906
1305,vra3039
1306,jpa6816
1307,ayt4800
1308,zfb7306
1309,whm4187
1310,cjp8295
1311,mtc1315
1312,qhw5157
1313,ztv2381
1314,hfz9804
1315,xbi8505
1316,pwm4617
1317,tga9809
1318,dho8924
1319,rco3363
1320,msa5720
1321,lpq3339
1322,xuq9628
1323,rwz5796
1324,itu4472
1325,kse3189
1326,kok7482
1327,nxa7991
1328,ktr1433
1329,wbp9947
1330,mgf3511
1331,hqw9271
1332,nqb4955
1333,hwk9721
1334,vjx7718
1335,zqu0154
1336,vdi9058
1337,fth1702
1338,shh7271
1339,hou9120
1340,suk3828
1341,tec8758
1342,byc9540
1343,lts2171
1344,ksg3542
1345,fzx6521
1346,cot5274
1347,qrk4132
1348,oiu6683
1349,ynr9910
1350,azh8885
1351,arx0450
1352,yul2399
1353,vzf2962
1354,qyv8181
1355,hdj6942
1356,xtt8766
1357,mnf3314
1358,qqa1669
1359,xfb5794
1360,ihx2777
1361,xtn8597
1362,wno5838
1363,pin9384
1364,xoe8049
1365,sfp0929
1366,vui6270
1367,gre5465
1368,ggd2185
1369,rvl4301
1370,znb4774
1371,nkf7554
1372,rbk4430
1373,nwk7892
1374,bxh9820
1375,fes8127
1376,qnz5524
1377,twd0828
1378,khx6816
1379,ibo4590
1380,vqh8375
1381,azi3882
1382,bls2173
1383,guc7601
1384,qcq0046
1385,jzd0592
1386,vvw7755
1387,pcg1377
1388,zaf3861
1389,vwy8504
1390,bci0738
1391,kma6106
1392,zrx5137
1393,sje5164
1394,msl6817
1395,qzp7304
1396,aok1581
1397,mwt6534
1398,npm9842
1399,eif6101
1400,fbf4445
1401,uyu7507
1402,exg6679
1403,ojr3998
1404,fam0230
1405,eap3781
1406,kep0698
1407,dnr9539
1408,trq3138
1409,ewq3839
1410,klc8816
1411,tvo2794
1412,dph4001
1413,jsl8589
1414,jep6407
1415,ock8122
1416,woz0792
1417,euj9760
1418,ulf4276
1419,fdw2985
1420,cuy0046
1421,zut8718
1422,vxt2040
1423,bkp6671
1424,wuk5066
1425,lix4093
1426,htg3700
1427,tvo9137
1428,ahb2855
1429,oft2643
1430,jgx8162
1431,imn0174
1432,byt5213
1433,tjb8049
1434,kth4004
1435,nwz9516
1436,esq6053
1437,ctz2324
1438,pbb2863
1439,hcj2443
1440,rsf4383
1441,yjy9101
1442,hdi4101
1443,hvy5874
1444,zgc3386
1445,suk4556
1446,mlw2615
1447,mxu2008
1448,gdb2119
1449,nlt3694
1450,qnf3895
1451,enm3305
1452,yyz7743
1453,wgy7204
1454,efz4990
1455,off8637
1456,gxd6240
1457,dup4787
1458,jlb3691
1459,hrr3909
1460,aha4645
1461,buq2806
1462,ddb6045
1463,aih7495
1464,gvj1701
1465,emv7868
1466,icv0587
1467,ptp5284
1468,ojx9403
1469,veq1168
1470,nqs5211
1471,pzx3084
1472,ewk9765
1473,irv1325
1474,fkr5203
1475,spr0417
1476,kvk7033
1477,xut2595
1478,vnc9035
1479,tkt2180
1480,bda4183
1481,hjn8271
1482,jet0685
1483,owd5806
1484,pjs0141
1485,vvr2074
1486,otl7995
1487,ryk8540
1488,ozu2867
1489,fww5404
1490,ntu1123
1491,pwk3146
1492,xsn3500
1493,tul1713
1494,ufe1920
1495,fbx3519
1496,qfe6714
1497,xds5889
1498,eos9011
1499,lqj0944
1500,gzu5042
1501,fhh6194
1502,qji4868
1503,bzx2494
1504,bwc4330
1505,roi1532
1506,oib2831
1507,qac1687
1508,rdm8650
1509,xrv8691
1510,yaf4169
1511,foj5492
1512,zgo1384
1513,wox7773
1514,shx3757
1515,aww7226
1516,cpr8206
1517,xxs3225
1518,yia5968
1519,hsw2565
1520,cbb8329
1521,oso4057
1522,yrk0661
1523,ldd9659
1524,mmk9549
1525,vvy8211
1526,lsk1036
1527,yop7277
1528,ehz4633
1529,hmu4296
1530,rjl3164
1531,hwg2231
1532,txx1586
1533,urg0022
1534,vuf9509
1535,hgw3025
1536,ebd1221
1537,bty5745
1538,qxa0126
1539,hpx0735
1540,rmu1886
1541,fte0616
1542,ijg0558
1543,ynm9040
1544,mdu5347
1545,kqz4867
1546,lgc9729
1547,zmv9807
1548,ooe3352
1549,fwq4041
1550,ily5985
1551,drg9451
1552,wii3885
1553,rsv9796
1554,tez8022
1555,rre0961
1556,pol7238
1557,mql4670
1558,fls5557
1559,lxj7636
1560,per3625
1561,pcy7374
1562,rgb2097
1563,tcm9723
1564,igq0183
1565,pam4717
1566,zgd6903
1567,dlr2237
1568,say7224
1569,aom9456
1570,vlx0475
1571,lex0070
1572,koy6118
1573,zdh9773
1574,rcv7084
1575,nmr1713
1576,czl8938
1577,jny5072
1578,otg9563
1579,oot5965
1580,pal4323
1581,xsd6772
1582,hxi0995
1583,jvm8906
1584,zpa2893
1585,vdo8533
1586,evg8263
1587,fnu6699
1588,xgq0449
1589,snj3685
1590,qok9079
1591,pni5287
1592,lsg3138
1593,dcv4124
1594,sgm3601
1595,mto3428
1596,usg9453
1597,ibd2553
1598,ffh9382
1599,qse6633
1600,csn7474
1601,hrp3909
1602,wov0293
1603,yzo1807
1604,ppo2017
1605,uzd7119
1606,nja3553
1607,bmu5975
1608,vmu5313
1609,oqj4412
1610,aht6445
1611,sjs1197
1612,vpf6500
1613,gwy8391
1614,bkb0538
1615,zue0145
1616,wjj9025
1617,uct7699
1618,apy0637
1619,dab4355
1620,hyb5691
1621,iqe2269
1622,xut0856
1623,htq2224
1624,piq1474
1625,xev5898
1626,lhp1825
1627,nop2524
1628,khh1427
1629,tvv4317
1630,npk4712
1631,dwe5346
1632,xab9047
1633,qij0273
1634,bzv1396
1635,irp8490
1636,ryk7654
1637,xcz0650
1638,fva9042
1639,tqs7921
1640,qhb6671
1641,kiu8877
1642,rof3784
1643,ryj2769
1644,lwz1555
1645,cvk6987
1646,xzh0995
1647,roc5160
1648,tkw7149
1649,zdt9968
1650,fbz0038
1651,pub3451
1652,jhu7727
1653,yoc9034
1654,jpb5640
1655,gga5142
1656,znx2250
1657,vmx2181
1658,tmw9202
1659,vxo4865
1660,jbe2109
1661,xlr9785
1662,efa1960
1663,fdd0656
1664,uxn1942
1665,qub5109
1666,wmu2972
1667,fcl7126
1668,ebk6443
1669,neo3162
1670,omb1923
1671,vgt6719
1672,slv2417
1673,bpa2259
1674,eaz3946
1675,jmq8948
1676,syg2443
1677,pov7732
1678,oxl9278
1679,ddg2991
1680,asp1904
1681,cef4069
1682,qut2165
1683,aty4209
1684,eey4056
1685,emx6327
1686,qqk0342
1687,pqz2499
1688,mik2591
1689,ggk3708
1690,fxq7139
1691,vfg1822
1692,aqt4539
1693,xkw2505
1694,nvw1903
1695,vci7201
1696,wwp6715
1697,tkd2088
1698,drv7489
1699,rtj9022
1700,nlf6555
1701,mzr0308
1702,hbz7508
1703,kuw6756
1704,uyl6379
1705,nfa8651
1706,sbf0171
1707,wfc8751
1708,trp3587
1709,ggw8628
1710,jpb1234
1711,wtu3479
1712,sic1017
1713,mdo7105
1714,fnl6320
1715,gkl8936
1716,ucl1729
1717,boe9087
1718,dww3144
1719,pzc8132
1720,kbp3055
1721,tod4354
1722,rov1049
1723,mww0829
1724,sch6338
1725,eax9273
1726,zly7222
1727,wmz3965
1728,yrn4752
1729,urf1173
1730,dnr9256
1731,jko4027
1732,ozs8425
1733,vqi2791
1734,bto4056
1735,anf7262
1736,wtt1635
1737,cqg7754
1738,gkl5143
1739,ity8012
1740,bzg9017
1741,xjy2526
1742,gdp1818
1743,pff1487
1744,jqq3844
1745,xow5709
1746,yay5709
1747,pvx4666
1748,dwn6631
1749,ngf8723
1750,pyp8599
1751,uuh3737
1752,mgr1864
1753,wkg4194
1754,rkt3140
1755,djq8346
1756,xod8592
1757,tcd1972
1758,jnx6463
1759,ujj1989
1760,dkq9708
1761,nci3051
1762,mic4917
1763,qoh8948
1764,vwp9088
1765,ocw4453
1766,eoh8119
1767,fma1896
1768,skp7916
1769,lsj1973
1770,keq0732
1771,pgp2129
1772,mqg3783
1773,duu1589
1774,inu9111
1775,yee9436
1776,zjk8226
1777,iqo2288
1778,aqg3835
1779,qdh9534
1780,hzh0695
1781,wkm2761
1782,wdy8415
1783,oqo4609
1784,dra6608
1785,dpy5931
1786,vax4537
1787,dhu4942
1788,ril9955
1789,gxb8835
1790,ncm2726
1791,nkz8880
1792,aoi6566
1793,ggc3708
1794,jgt7062
1795,zpe3046
1796,gtn3195
1797,pos0603
1798,xar7263
1799,rqb1286
1800,eku7621
1801,pis1577
1802,tsh3449
1803,aki0351
1804,bqh9574
1805,gzy5526
1806,ftf5356
1807,zwf1382
1808,prz3701
1809,qnq8859
1810,bvb7803
1811,zli0792
1812,yuw4408
1813,ghe2614
1814,kfc1434
1815,oyt2092
1816,zgb0128
1817,kfi4794
1818,ufy1662
1819,lvy1543
1820,zjl4749
1821,glr9556
1822,rgq4771
1823,fdf6949
1824,iis6037
1825,ipt7775
1826,uxx4035
1827,wzl1981
1828,wsz0268
1829,hsr1933
1830,kgb6022
1831,ynk8857
1832,kec5488
1833,vmm6267
1834,php2532
1835,vei7854
1836,mqh7387
1837,fwn9394
1838,fwk6007
1839,bfb3284
1840,bzk4486
1841,jde9478
1842,kfk9640
1843,gqs3786
1844,jgn5630
1845,vrp4777
1846,ddg8511
1847,jyu6257
1848,zrb4832
1849,nhf0390
1850,ysg5028
1851,ykn7252
1852,ooe5365
1853,goc1794
1854,aku5405
1855,lov0336
1856,lzt0958
1857,rqd1198
1858,ssz2551
1859,hfi7201
1860,nab7213
1861,gmc6301
1862,lrc8101
1863,mcd2685
1864,axr7626
1865,gyi8584
1866,whp4800
1867,iwu4918
1868,lit3751
1869,vno8271
1870,ipn8129
1871,pcf4549
1872,nvv0010
1873,jws7488
1874,twa8243
1875,jtm9040
1876,pby0121
1877,ffe2054
1878,wuj0197
1879,kfy5123
1880,css6818
1881,znr8812
1882,wce6348
1883,njh9657
1884,yac0505
1885,eyl0836
1886,gdn9213
1887,tjb5933
1888,wba2460
1889,ily5501
1890,qgr3131
1891,vln4799
1892,yfb2778
1893,ltw6531
1894,tug1850
1895,myi8486
1896,ozg9492
1897,vzk7593
1898,umd6440
1899,fmv2830
1900,ljq7385
1901,sie6228
1902,pwd6092
1903,qly2528
1904,thb0145
1905,esc8736
1906,ipf1968
1907,gqw0998
1908,ppo1506
1909,rrg1149
1910,mml1422
1911,udl6239
1912,bgi5342
1913,ihi8494
1914,wtx1103
1915,bnj5715
1916,zgs6321
1917,ykc8865
1918,sxp1350
1919,ljl0987
1920,oga8162
1921,vot8190
1922,vdq4880
1923,ant2533
1924,tmk2895
1925,zbd9607
1926,sek6366
1927,awg3973
1928,jir6351
1929,mla3166
1930,ttx6941
1931,oqv8721
1932,was5566
1933,vqe3451
1934,xfo8088
1935,nkq8398
1936,gcj3792
1937,uwz4138
1938,oxq6698
1939,gkg2380
1940,atz4444
1941,ebn9758
1942,uin8279
1943,bxn5308
1944,pnh2801
1945,osu2500
1946,ysz7824
1947,pnf7391
1948,atl9978
1949,jzu2445
1950,quw7591
1951,lvd8399
1952,cqa8470
1953,khp4132
1954,pxn9358
1955,sao7317
1956,sjj2733
1957,vej5722
1958,blz6646
1959,vfl6703
1960,gvy2970
1961,zeg7433
1962,fai8574
1963,zxi8206
1964,uyj1125
1965,deb6953
1966,lyr0042
1967,gnp4659
1968,duo5028
1969,igc6463
1970,ovs6979
1971,ksm8847
1972,vlj0927
1973,qmi9780
1974,qmm9003
1975,iyg8642
1976,qud6688
1977,mzm6137
1978,tph3554
1979,uou4836
1980,beo7193
1981,mbe0603
1982,ekm0886
1983,ppy0477
1984,ubc7314
1985,ucx1045
1986,vho0376
1987,kuc4097
1988,isk8674
1989,jjx6006
1990,kuh0131
1991,suw6931
1992,rpa2977
1993,ccs0035
1994,nnu9646
1995,sge6647
1996,lns6436
1997,qvc9285
1998,ewq3093
1999,ihf8192
2000,oba7325
2001,kzq8554
2002,gla9879
2003,qtm6354
2004,tkg7847
2005,wst9569
2006,xft9984
2007,jxg2465
2008,foq3797
2009,uis4424
2010,viv6090
2011,uwd9195
2012,ecv2338
2013,cuv6981
2014,rwq2376
2015,yzy9154
2016,ago5464
2017,mxv6664
2018,tbt7189
2019,iso6730
2020,snu2222
2021,afc1746
2022,lhh2033
2023,ndx2670
2024,khl3065
2025,ulf7228
2026,lso9011
2027,tns3777
2028,zmw5802
2029,dky2713
2030,zqg9423
2031,iep4673
2032,bdy9332
2033,oku8830
2034,xtd2493
2035,trf7200
2036,mue4442
2037,krl9845
2038,xxr8860
2039,ful1529
2040,bjd5821
2041,rqo3685
2042,xgn5054
2043,ppc9818
2044,lzy2250
2045,dov8687
2046,klm8001
2047,lun3227
2048,erx3526
2049,kyi1966
2050,gqx8411
2051,cbo5712
2052,ujk8732
2053,meg3869
2054,dcx9542
2055,xww6680
2056,qyq2998
2057,ceb6744
2058,fby5057
2059,dwn7086
2060,lwt7597
2061,bhj3895
2062,azw4127
2063,fhl8801
2064,enr5219
2065,lin0130
2066,aik8485
2067,lep0635
2068,pmk2972
2069,imj9710
2070,qnq2980
2071,ris5744
2072,rtg0253
2073,xil4603
2074,tng9124
2075,acz8878
2076,jfk6248
2077,rwu5916
2078,evh3002
2079,rqv4026
2080,dxa2842
2081,wff0216
2082,ghk9729
2083,nny9309
2084,fso5130
2085,spb5582
2086,orn8282
2087,dlm0989
2088,cgs1274
2089,ybo8461
2090,adq1721
2091,mlg7010
2092,ops9043
2093,bwa0496
2094,heb2234
2095,vjo4855
2096,wgq6129
2097,ted5491
2098,ajj4404
2099,ygu0207
2100,ohu7393
2101,joa7140
2102,fjo2513
2103,ocn9904
2104,mlr7285
2105,qvw4393
2106,nug8525
2107,ejq2763
2108,hqo9427
2109,lmy9989
2110,saz5160
2111,fga1434
2112,zbm0420
2113,iar2542
2114,mlh7811
2115,cfu2442
2116,sxe5119
2117,kcg9858
2118,hiq6818
2119,rxf7474
2120,gxz6713
2121,sim1196
2122,yfs2662
2123,clb7996
2124,qrz3961
2125,ocf2367
2126,cir2561
2127,zob3433
2128,nkq0307
2129,mfk9329
2130,ohx4538
2131,pir3871
2132,fhw7154
2133,gga2754
2134,gvi2904
2135,sqz8986
2136,gpw5919
2137,dgw6170
2138,pnn6550
2139,jwl0472
2140,jhl1133
2141,stc4066
2142,fgr5700
2143,ttt4149
2144,irp0114
2145,tuw7733
2146,wmi4161
2147,ywp6383
2148,yyn1993
2149,hsr2053
2150,far0121
2151,xsa6500
2152,hto4499
2153,qve6299
2154,hrb0012
2155,obo1218
2156,jjs1690
2157,ihe0087
2158,wml3350
2159,ech2962
2160,nhe3295
2161,pik3608
2162,cqr5674
2163,ssn0527
2164,ftr6447
2165,bab3543
2166,crz0203
2167,knb9198
2168,qhp2111
2169,kah1983
2170,haq5113
2171,eob9898
2172,yvk3628
2173,xpt4499
2174,jkx4422
2175,fyo2862
2176,kat9687
2177,mun4488
2178,ddc4577
2179,bvo5956
2180,erd1900
2181,rbe4865
2182,xfl0958
2183,ufc2839
2184,gnx7274
2185,urd1514
2186,emb8715
2187,pls2808
2188,fba1157
2189,voh0612
2190,jki3353
2191,kml3772
2192,sgy8021
2193,npg7607
2194,nbk0470
2195,ard0585
2196,fgk4372
2197,xib7646
2198,ftm1319
2199,ibl9395
2200,dce8271
2201,hhy4298
2202,bbt6557
2203,dzs2287
2204,dro3907
2205,ynt6499
2206,rkg7341
2207,grw9398
2208,ynu6005
2209,tez7580
2210,emw2122
2211,rrb8863
2212,bdf1110
2213,dpm6501
2214,axt1887
2215,swh6394
2216,nhx7548
2217,kct9704
2218,uvd1816
2219,dun6937
2220,ari9981
2221,bxc8850
2222,zdy9588
2223,sfu1438
2224,idv0816
2225,jgf8023
2226,tih1978
2227,ykx1992
2228,dpz9478
2229,fyz3655
2230,zkb7589
2231,woe1148
2232,gdx9717
2233,ecw2031
2234,xqm6256
2235,fae0654
2236,nyz5872
2237,rpx5932
2238,xqt1151
2239,xgo2313
2240,qin9327
2241,eoz1494
2242,frg0153
2243,qmg8461
2244,zek1364
2245,fyq4354
2246,auw1136
2247,rbd5630
2248,foz3476
2249,tex9830
2250,vbg8698
2251,lul4031
2252,mti6267
2253,nop2043
2254,fiu3492
2255,jbz8907
2256,pfb5164
2257,fyr9903
2258,ppi4548
2259,spn8181
2260,fxh9499
2261,tpk7127
2262,xqx2195
2263,mmr7237
2264,ztg2922
2265,ufo7759
2266,irq4624
2267,fuf6795
2268,scl1320
2269,olq8319
2270,slb7653
2271,ljz4254
2272,unk5472
2273,zbv5296
2274,zjk7167
2275,jyh5819
2276,svl7955
2277,nsr5338
2278,nyv1449
2279,olk6588
2280,cde7695
2281,tbd0898
2282,stm4694
2283,yjs3878
2284,uiv4942
2285,rjv5365
2286,ybi7264
2287,mgv9865
2288,pyx5014
2289,jxo3736
2290,rjs9526
2291,arc9550
2292,hec9566
2293,qzc7360
2294,jnq2403
2295,jza8172
2296,aca5207
2297,zjo4717
2298,cyk7177
2299,oun7085
2300,sdo7047
2301,mks2568
2302,qpe8109
2303,hmt7147
2304,gup7845
2305,zel7131
2306,mao1040
2307,nhy1625
2308,nog7640
2309,rrh9648
2310,nss8874
2311,ukd6431
2312,fst2175
2313,uhn9397
2314,kik3451
2315,ouz2415
2316,fuj8428
2317,vfk5380
2318,ffn7156
2319,ajp6850
2320,dnr6404
2321,tod4610
2322,wjv5907
2323,uoi1532
2324,lab8945
2325,jsg5150
2326,wdc3462
2327,neq7577
2328,fzu7511
2329,nwp8597
2330,zvt6416
2331,qhc0641
2332,qic5368
2333,ugm9131
2334,fwp4718
2335,shv4573
2336,xxc1360
2337,hrg8683
2338,lpl1675
2339,naz8826
2340,aia6312
2341,rfn7308
2342,pvd3763
2343,evz6869
2344,gir9708
2345,vde2865
2346,zcl2476
2347,zne6715
2348,vgl2448
2349,olb2600
2350,ebu3756
2351,tsv3835
2352,lcz4129
2353,pdo5331
2354,ill9068
2355,orc9025
2356,gqe9888
2357,tsb3079
2358,pgm8872
2359,zzt9703
2360,jum2217
2361,awi2310
2362,ndw0719
2363,wvk0282
2364,tyx3383
2365,xlu7529
2366,tlx0144
2367,rth8664
2368,jnd8871
2369,qdk7079
2370,hzm8313
2371,rki6151
2372,qww3166
2373,qqs2215
2374,paj9290
2375,vhg8619
2376,fkl3858
2377,jjw0719
2378,rdr3420
2379,rbr8469
2380,jhu6196
2381,srw0685
2382,xay6800
2383,lgu7066
2384,tbk9249
2385,qgf1224
2386,dqk5553
2387,aoi0351
2388,njb6410
2389,bqv4389
2390,ruz5038
2391,fsh0074
2392,whe1439
2393,wgd4587
2394,zzg2125
2395,mzt1529
2396,cii4534
2397,xsh4635
2398,yyc5928
2399,amf4327
2400,guz8578
2401,ptk5655
2402,bll9247
2403,rfv0602
2404,clk7016
2405,mxz9700
2406,wal5845
2407,awe5781
2408,nka1866
2409,wfe5518
2410,smm1632
2411,wgt3201
2412,hfh3163
2413,ube9240
2414,tnb4321
2415,zfe9901
2416,zsy3269
2417,oai6673
2418,mdx9284
2419,ywv9153
2420,fbr9768
2421,xud5013
2422,whl1521
2423,sfj6993
2424,jho1933
2425,zbs6230
2426,cjv5868
2427,iem9417
2428,tqy1932
2429,usf6337
2430,qmb7288
2431,bkn4923
2432,pys1006
2433,xyu8849
2434,njc7495
2435,zrk8923
2436,ojd5196
2437,lmv4244
2438,pgz5021
2439,rlx5152
2440,szs8700
2441,afj1434
2442,lqr7247
2443,yim3228
2444,imf1868
2445,hwg0425
2446,xcq2785
2447,sxf9381
2448,tbs2653
2449,wpe2819
2450,lgy9982
2451,plf9364
2452,vgk0648
2453,oxu7932
2454,eii3971
2455,pbi8635
2456,amy0001
2457,qyr4685
2458,fzy5990
2459,woa9148
2460,qfb9897
2461,pao8106
2462,qha9889
2463,gug3613
2464,pzm2560
2465,zil0080
2466,iwi1369
2467,knd8443
2468,svh0399
2469,ige9496
2470,ige0528
2471,sqt6901
2472,uhl6373
2473,esx2838
2474,wal6797
2475,nwb8271
2476,qhx5152
2477,wvb1900
2478,fcu4397
2479,etj6181
2480,phn2195
2481,wfe3434
2482,iuq7875
2483,wxh6490
2484,ppu5487
2485,qsg4566
2486,plp8284
2487,txb7636
2488,ena1752
2489,hzo8274
2490,noh7475
2491,fna7694
2492,eam6388
2493,ohb6143
2494,zmb7817
2495,wsj5186
2496,eba4072
2497,sqd4421
2498,equ3512
2499,trd9404
2500,skq0496
2501,vmm2084
2502,qsz6919
2503,ecq4743
2504,vak3758
2505,zxq9008
2506,exb9399
2507,vwf0694
2508,rco0015
2509,jhh8131
2510,cdo5773
2511,pfb0667
2512,awl0970
2513,eah0015
2514,rkz1878
2515,tvu9289
2516,xew7553
2517,ihb5596
2518,fyp9133
2519,kuh2004
2520,tho0568
2521,nec8229
2522,zwt1337
2523,pun5610
2524,crr4995
2525,sbe9391
2526,ngs8567
2527,ouc5643
2528,wmr8063
2529,pmf6763
2530,obs5583
2531,lvd0898
2532,xgn9546
2533,pnt5278
2534,ipb6924
2535,nun9858
2536,evo1014
2537,zyt6889
2538,xjb3544
2539,cbf2344
2540,nat2879
2541,fgl8139
2542,xbe4515
2543,zzk6008
2544,piz9761
2545,wgx3245
2546,cea8544
2547,fcq4587
2548,khf0383
2549,zhd4572
2550,fsi4665
2551,sub3021
2552,pps8542
2553,jeh4647
2554,lwa7136
2555,jzf7363
2556,itl0440
2557,rde9206
2558,orl0162
2559,woo0996
2560,tax7919
2561,xyl3034
2562,ipo7048
2563,llh0865
2564,pgq1125
2565,doo7401
2566,vty3433
2567,uad6233
2568,hzw7711
2569,hih7601
2570,dfh0121
2571,pqa1456
2572,jap7267
2573,ctk6564
2574,ekg5182
2575,cgu3661
2576,eip3630
2577,zur3106
2578,vwy6556
2579,miu1920
2580,wcu7957
2581,vsz5752
2582,mwm6973
2583,nax6826
2584,hff4311
2585,jgx4752
2586,wfu7765
2587,tcz4136
2588,axa6335
2589,lfy7252
2590,zxy4327
2591,dqr2504
2592,fcl7797
2593,uzt0892
2594,awx1229
2595,glc0902
2596,ugm6657
2597,img6252
2598,yxt3367
2599,ovw1840
2600,sof8200
2601,mnb6785
2602,klc6143
2603,asw6673
2604,ryf8834
2605,cfa0539
2606,sze4173
2607,sqb6639
2608,uzc7572
2609,kmg3662
2610,orn6206
2611,hod6529
2612,iau3321
2613,ezr4794
2614,mcy0907
2615,bsr1762
2616,nff3011
2617,gls4208
2618,wok4290
2619,auy4882
2620,edb8525
2621,umm4772
2622,pjc0581
2623,xjl0587
2624,bub1167
2625,flr7413
2626,oyp2712
2627,qsk1286
2628,yzd0232
2629,ahn8347
2630,ldz7737
2631,kgk6447
2632,tdz1125
2633,hho7802
2634,ioa4500
2635,krm9412
2636,fug5378
2637,sji0708
2638,qfo7992
2639,cxt0261
2640,nke5226
2641,mfl4017
2642,qht0728
2643,oos7641
2644,aqn6849
2645,ssp5198
2646,wsc2706
2647,mhq1047
2648,fzz3763
2649,ogm9779
2650,xdv2799
2651,wph9625
2652,wxn2159
2653,sbv6450
2654,dlq3301
2655,ugg3033
2656,fxn3425
2657,fwn0710
2658,anp9894
2659,huy1149
2660,dtg0283
2661,frl9970
2662,mlf2051
2663,len0088
2664,tyx0720
2665,hxs6034
2666,wnq5962
2667,afu4690
2668,znt3325
2669,egv1101
2670,cho2492
2671,zjo5181
2672,var9025
2673,tge8482
2674,hyp7424
2675,jop5420
2676,pbi1901
2677,nnu6612
2678,mie2913
2679,vou6025
2680,onm6952
2681,ncs7980
2682,bfp4463
2683,nbp8514
2684,ipc2768
2685,aph1381
2686,qwd8908
2687,nyr3365
2688,evh3027
2689,gti6074
2690,epy0053
2691,xxo9165
2692,fbg8703
2693,uye1610
2694,pie3982
2695,oqy9208
2696,jwl0990
2697,awt5584
2698,eqp8010
2699,ggt2975
2700,tfz5007
2701,fzb4836
2702,cwo4424
2703,xqx2681
2704,iny0265
2705,uab5872
2706,fxx4042
2707,zjb7118
2708,alj2485
2709,txh0863
2710,vtp2369
2711,xhr6509
2712,vws9978
2713,hal1131
2714,qwe7703
2715,sqr7218
2716,lxg0522
2717,yjg2053
2718,ram8978
2719,lag0801
2720,ahy4045
2721,txt2451
2722,eat4963
2723,pon7386
2724,rvp2695
2725,zpu9232
2726,izz0835
2727,yow9578
2728,sbw4742
2729,ogz4868
2730,qvo2667
2731,vhw6417
2732,vao0128
2733,hak5545
2734,nyd8402
2735,bjp9246
2736,uhu4092
2737,wqq4436
2738,imk3466
2739,iqa8868
2740,sqq6826
2741,nqr2429
2742,olt5544
2743,rrr1162
2744,xip9269
2745,iza4080
2746,tqa3187
2747,uaw9591
2748,tqs6563
2749,yoi3810
2750,kbo8819
2751,vod0849
2752,enn3236
2753,fpz3528
2754,muh9717
2755,evm1954
2756,ymk6205
2757,mcv2583
2758,otg6906
2759,vvn5473
2760,soa4966
2761,ajj7421
2762,pyg9496
2763,yoh3983
2764,zvj1663
2765,ypv6303
2766,tgw7798
2767,gmr5158
2768,inh8499
2769,paj5672
2770,dhk5046
2771,yrz2817
2772,gdu3685
2773,wet4476
2774,tdq5493
2775,efx0119
2776,gik4255
2777,oof5102
2778,hzj4400
2779,erv0059
2780,drv2807
2781,myz5152
2782,gpr0120
2783,lsn7559
2784,ouj6097
2785,spo7197
2786,dxx7508
2787,djv1102
2788,wyn6618
2789,emp1580
2790,sze0051
2791,gjs7561
2792,whv2145
2793,dvz5907
2794,uja7697
2795,fua3005
2796,hmo0760
2797,nwl0930
2798,urq3777
2799,aeq4985
2800,joq7180
2801,ymd8332
2802,mup2301
2803,ksk2106
2804,tae8893
2805,cpg0829
2806,tkg2871
2807,yyw3378
2808,jgb9403
2809,ihd6976
2810,qvo7052
2811,ggp8348
2812,esx6198
2813,hvz5556
2814,bfg1025
2815,bmu3856
2816,axb3928
2817,bvn3978
2818,yxs5769
2819,vto0990
2820,vzy2942
2821,vos1167
2822,znt9447
2823,uux0016
2824,eny2641
2825,wid1736
2826,bda3837
2827,dft6043
2828,frq6938
2829,rbw0579
2830,tfr2321
2831,ciz7717
2832,dgz7101
2833,pyr5840
2834,qdr5211
2835,ird7925
2836,ktk7471
2837,dyz7318
2838,ima7142
2839,saz8733
2840,ljj7352
2841,bnb1895
2842,kkn7101
2843,rpy5844
2844,dfr1243
2845,isi1153
2846,dsr2164
2847,fxe6189
2848,yfp2550
2849,ezx4893
2850,avc4578
2851,pxs8776
2852,wfm3790
2853,zdn8147
2854,llu7524
2855,oqn3837
2856,prw5961
2857,peg4898
2858,lki7666
2859,mgj4403
2860,kyo0915
2861,xem6230
2862,pjn9177
2863,hfl4135
2864,dmf7310
2865,vee0132
2866,hsz0747
2867,dmx0041
2868,sbj4227
2869,rhh9929
2870,bbp8309
2871,itt7189
2872,gdk2025
2873,pjr3328
2874,hdi6510
2875,izu3986
2876,vhh2829
2877,lxo2371
2878,yzq6210
2879,iyx7354
2880,cxb1311
2881,hzu2490
2882,ftd8140
2883,fjr6380
2884,zxr9837
2885,xlh6752
2886,yeo4638
2887,mtm1489
2888,hdo8270
2889,rgx3295
2890,kjf2632
2891,naa4495
2892,sdj3160
2893,zmg4385
2894,buu4179
2895,bdd9480
2896,ihj3751
2897,rhe4415
2898,miu0834
2899,ana9463
2900,eyz4366
2901,mkj4164
2902,yjh8463
2903,unw0443
2904,zju7520
2905,tpr2321
2906,szx9960
2907,lem4395
2908,cch3251
2909,hfk0702
2910,xxl7288
2911,tiu2822
2912,nvi0729
2913,xbx8700
2914,lzk5154
2915,pug8937
2916,pik4377
2917,rig7779
2918,jwx8678
2919,iam7736
2920,puc3658
2921,zvx3123
2922,lgo2136
2923,zum1799
2924,ojw5502
2925,mcj3475
2926,glf3123
2927,qsw3057
2928,rdg8355
2929,mia3160
2930,lza6195
2931,woy7674
2932,eub4202
2933,oux6113
2934,ynd5363
2935,kpo8477
2936,vbt4634
2937,lsx3978
2938,cui2910
2939,kur3057
2940,avq8539
2941,dou5715
2942,wjn7414
2943,lxe6977
2944,rnk9650
2945,iiq6683
2946,yub8426
2947,ezq9422
2948,gvt1385
2949,cdl7652
2950,xje6685
2951,cdy8712
2952,hgu5937
2953,ojt7599
2954,pzy8390
2955,fya8947
2956,vkk5773
2957,xkq9145
2958,xhl1846
2959,fhh8924
2960,hvv7381
2961,uqe0637
2962,vgm3325
2963,urn5383
2964,das7150
2965,vas1793
2966,kpd4226
2967,xpj3118
2968,kgw0242
2969,ilt9883
2970,fcr8888
2971,awu3972
2972,evr5484
2973,jvf5772
2974,lfw8767
2975,gmo0757
2976,gem2590
2977,tau1632
2978,yno6984
2979,xdd9689
2980,dan7187
2981,muo4935
2982,kem2300
2983,xta2970
2984,ciw9905
2985,kqx5273
2986,wpf3652
2987,tqk5356
2988,mqv9144
2989,tma2958
2990,ybw5169
2991,aov8476
2992,ueb4631
2993,fqz2989
2994,vku2150
2995,uma2716
2996,pah4410
2997,pdo0556
2998,qkw2821
2999,ibx5597
3000,oaz8022
3001,bcq0164
3002,bor3906
3003,qxi8415
3004,ktb5815
3005,mnm1890
3006,wqv9570
3007,zfb9402
3008,lsb8926
3009,uvk3616
3010,zmg8612
3011,zec8648
3012,kcz5043
3013,rbh9008
3014,evl0949
3015,iqd3186
3016,pde7544
3017,cxo8177
3018,txp8206
3019,hmh1516
3020,pck2246
3021,vuo3319
3022,kji4716
3023,wpf7198
3024,jok3196
3025,scr2822
3026,yzi2146
3027,fkn4646
3028,jqx7726
3029,sps9386
3030,jye3322
3031,lbl7404
3032,hmn6407
3033,ycq6156
3034,lai0214
3035,bfi5884
3036,ois1375
3037,enc5073
3038,leg7977
3039,kfv5855
3040,kja7092
3041,qxz1754
3042,pad6100
3043,mcs1707
3044,qfk3012
3045,zkg0220
3046,emp3927
3047,lub2007
3048,shp3691
3049,byj4537
3050,odf4941
3051,sov7051
3052,tro2261
3053,okh7893
3054,ont6872
3055,msn3831
3056,dfn0739
3057,yhb6577
3058,ggs8906
3059,kqn5243
3060,anh5710
3061,ugq5855
3062,oxj9416
3063,orc1350
3064,ahh8470
3065,rcf5630
3066,izd1405
3067,viw1332
3068,jwy1624
3069,vao8043
3070,zgu4679
3071,upy6094
3072,qgx8600
3073,dkk8338
3074,fto5706
3075,zwk6691
3076,wwo6932
3077,duj9709
3078,ndj6191
3079,dpq7423
3080,kqx6401
3081,xhl5682
3082,vmn1316
3083,uof5779
3084,ojy0083
3085,zpu3268
3086,phg5694
3087,txj5675
3088,uva8116
3089,pmt8184
3090,unv7618
3091,sfk9428
3092,vgk5147
3093,ydc8025
3094,bqg7414
3095,enc9384
3096,pky1862
3097,yqv1226
3098,lby8892
3099,iuc4344
3100,stt1823
3101,yna5499
3102,map7763
3103,cgo7275
3104,gpn9047
3105,ymt7600
3106,ekp1691
3107,sng2624
3108,thp4820
3109,mlg6789
3110,ssn1097
3111,kdi9920
3112,xyh4811
3113,njh0718
3114,icq0339
3115,wdn6969
3116,omy1774
3117,edo6958
3118,zne4147
3119,krp9231
3120,uvd4814
3121,sdb8046
3122,yop6470
3123,csr9632
3124,szu8319
3125,lze6555
3126,skx2974
3127,uaj6271
3128,vsf3837
3129,vwo8364
3130,vri0035
3131,gaz3197
3132,shn6474
3133,tqa7511
3134,toh6576
3135,aqv2004
3136,dye4299
3137,osr6400
3138,ydw9699
3139,xjq2419
3140,biz8628
3141,gpk6770
3142,vow0189
3143,lii9783
3144,aew1539
3145,slg8946
3146,lza7290
3147,hlb8952
3148,unu1844
3149,btx3474
3150,blg9568
3151,xsa1077
3152,fcq1880
3153,qoh1371
3154,dfc7789
3155,enw0711
3156,sdg8426
3157,hwd1495
3158,ixs1295
3159,yzu1887
3160,pxc7265
3161,kzd0221
3162,jmy0961
3163,pwc3128
3164,eax5043
3165,dbl6919
3166,msl5018
3167,aaf6576
3168,oty1817
3169,ifb9629
3170,mun1510
3171,inj3827
3172,qkb0235
3173,vsd1657
3174,plb8404
3175,wqw6625
3176,zvs1040
3177,tnr3865
3178,klu6899
3179,oeh3460
3180,ymx8098
3181,bbt5579
3182,sgv1632
3183,mrd1949
3184,jvt4195
3185,het2042
3186,axa9643
3187,tco7757
3188,cvv1484
3189,kwb7592
3190,eff3182
3191,sjl5788
3192,qdz3938
3193,xfn2012
3194,spk4692
3195,zcl7837
3196,emv3298
3197,lgv6314
3198,iyu5858
3199,orc8969
3200,gpa1784
3201,wti5771
3202,dem8658
3203,mpx8192
3204,rfk4426
3205,huw0993
3206,uta1653
3207,tqq0786
3208,xei3557
3209,oux3876
3210,crz4607
3211,hoy3588
3212,mwn6672
3213,vyn6357
3214,dha3262
3215,pjq1336
3216,hia1005
3217,npq7050
3218,jbo2128
3219,jom9248
3220,gke2831
3221,kap1709
3222,yct9529
3223,sru3668
3224,lgi8442
3225,jgc6952
3226,ecn6473
3227,khi7971
3228,wrs8057
3229,rhx9834
3230,jtw8778
3231,xrb6627
3232,dge4762
3233,pjt2076
3234,swh2769
3235,pxu7618
3236,khi5967
3237,glo8169
3238,dvp5891
3239,zfs2850
3240,xfr5010
3241,lnh9099
3242,mtl8546
3243,jca1540
3244,son0360
3245,urx2807
3246,gtn2144
3247,ysh9451
3248,hhn5847
3249,huk1955
3250,pmv0665
3251,csj4138
3252,mob2956
3253,lkg2385
3254,elz4180
3255,gnb6447
3256,wwa5108
3257,cfz6790
3258,nnp5228
3259,jqt6545
3260,yvt1257
3261,ddl9348
3262,oox1010
3263,ekc0125
3264,exq1183
3265,kov4560
3266,mye2861
3267,ajd1920
3268,dqw9186
3269,gnn8690
3270,vhk1655
3271,yqx1469
3272,qzf8744
3273,cbe8863
3274,rjw6570
3275,kkg8347
3276,xwm9149
3277,asc0238
3278,fjl9912
3279,kux3577
3280,ovw8119
3281,jvm2271
3282,hlv9245
3283,ttr3275
3284,eam9857
3285,oeq3147
3286,ejl5433
3287,uup2713
3288,mym7214
3289,cpz2876
3290,svf0856
3291,ikz7060
3292,ten2754
3293,ioh0292
3294,esg9480
3295,edl7880
3296,wki6680
3297,oyr6681
3298,dgg1006
3299,nem1221
3300,gws3661
3301,rrz7601
3302,ofw1325
3303,lbr1577
3304,xnc4790
3305,leg7143
3306,awq1179
3307,yzz8531
3308,ndf8147
3309,exw4791
3310,xtt3210
3311,olz6296
3312,fye7428
3313,oxe0946
3314,kwn7106
3315,bhk7491
3316,fqi0460
3317,xfz1073
3318,zwl1992
3319,azq3067
3320,opo5992
3321,yuo9251
3322,fjn8066
3323,sjs6694
3324,amm3648
3325,zxg1561
3326,fyk5165
3327,bbh1387
3328,ijv9354
3329,bjd0009
3330,ntx1822
3331,gkz3924
3332,fjk6700
3333,gvh3201
3334,sun6591
3335,lin6414
3336,owu2860
3337,nov2420
3338,hjs0821
3339,cbq6424
3340,znc1839
3341,nmh0762
3342,imk4319
3343,iuw1559
3344,rqc6312
3345,xqn1771
3346,qpd2327
3347,pls7538
3348,oqs6199
3349,cbj0198
3350,pmx0972
3351,lze6640
3352,pff3088
3353,zuf0705
3354,ikv6064
3355,boa6312
3356,osg0279
3357,jsn8758
3358,pir2067
3359,deh5269
3360,pmw9982
3361,alp1591
3362,okg8728
3363,gsu7902
3364,lyl7611
3365,hlv5775
3366,wsj1563
3367,vbv3728
3368,rkz5799
3369,uzc0771
3370,lsl6753
3371,vtg6335
3372,goz0855
3373,mkz4235
3374,lxq3465
3375,qnk8454
3376,inl2910
3377,gmy1909
3378,fip2658
3379,azy0479
3380,zxh3967
3381,aaf8784
3382,eyu1723
3383,sjc1544
3384,eul5946
3385,usr1588
3386,phb9085
3387,mnw5388
3388,nwo4915
3389,ipx9088
3390,xlx6730
3391,jwm7503
3392,jej5875
3393,zxp8472
3394,ogt2964
3395,vlr3136
3396,swe2359
3397,xjf1773
3398,wrd3390
3399,qfv7102
3400,igz8095
3401,kkx0938
3402,vuc2673
3403,tji8699
3404,fer4319
3405,atl3146
3406,iit7745
3407,arh7834
3408,jqu2319
3409,wxp7724
3410,sjx1141
3411,kmj7454
3412,yoz4158
3413,bmg0795
3414,quu5897
3415,jmq8103
3416,olc9574
3417,opt2108
3418,boh4711
3419,vwc3798
3420,liu7787
3421,tbw8697
3422,bgk6271
3423,bsd0140
3424,qbs7159
3425,znz2560
3426,foq3171
3427,gis2260
3428,ivt1677
3429,clc9846
3430,rln7936
3431,ijm8948
3432,fpw4567
3433,bjt9616
3434,qoc5359
3435,sel3324
3436,tvb5240
3437,wrx4114
3438,idb4601
3439,wqt6431
3440,kjb6159
3441,jkm8695
3442,gni6219
3443,xba5004
3444,cgd0662
3445,qhp4592
3446,vvd6256
3447,hqc0758
3448,ykq7168
3449,zhj4805
3450,zpl4356
3451,ler6542
3452,ase0513
3453,cst4527
3454,ism3964
3455,rpn7855
3456,iwl3572
3457,ynd1532
3458,otj1409
3459,syn9485
3460,sur1620
3461,uxf4114
3462,mbp5144
3463,jnc4606
3464,xrs3243
3465,val3218
3466,itt5959
3467,tza4455
3468,ioe0667
3469,sjz6650
3470,sky6790
3471,ifn0141
3472,gev6601
3473,kuz9995
3474,cxt7237
3475,aae6827
3476,xnw4219
3477,mmj3265
3478,uid1690
3479,wge4815
3480,zku5259
3481,mkq4827
3482,hrl6473
3483,bxs9933
3484,oxq9832
3485,aub0493
3486,jyw3069
3487,bxm5967
3488,qaq1723
3489,lft9128
3490,lfv7445
3491,vap7282
3492,ajj7653
3493,dse6401
3494,cpy7840
3495,byi5130
3496,bur0661
3497,hvr6555
3498,mui1039
3499,wms2185
3500,rpo5446
3501,ckd4046
3502,pcq7120
3503,xiq2164
3504,qeg4753
3505,rjc1093
3506,hnq6665
3507,xnu3751
3508,shn2732
3509,nbk5468
3510,hqs1613
3511,rqa5684
3512,dxf8391
3513,uou3927
3514,cgq6702
3515,xme6440
3516,wzb1408
3517,dmg2550
3518,bsh0419
3519,qxt1941
3520,bcf8712
3521,erl6237
3522,vnu7239
3523,myj7263
3524,moq9201
3525,dro2644
3526,xbp9251
3527,niz6876
3528,pcs9777
3529,ovc8201
3530,waq3171
3531,nif9001
3532,uev6950
3533,ugn8414
3534,rdj7948
3535,zlq4857
3536,byg1942
3537,gzm7272
3538,ghn8085
3539,fsr6868
3540,uyd7848
3541,nzc5353
3542,kpl4727
3543,dtk1006
3544,tpy1380
3545,hcw5534
3546,cva9938
3547,ugm8179
3548,tgu6158
3549,axj4115
3550,sjz5717
3551,ewa5461
3552,xrn7728
3553,zmb2363
3554,dxu9636
3555,myd1950
3556,jat2064
3557,vwf2059
3558,okt6173
3559,fjd8308
3560,xfb7350
3561,pko5649
3562,wsw8730
3563,vnt6935
3564,dka0858
3565,yjl9127
3566,rfm9373
3567,gsr7394
3568,kaa6269
3569,apc2115
3570,xuz8849
3571,wxx3926
3572,elo6127
3573,nvo0305
3574,jbb7377
3575,umu2836
3576,kha0167
3577,abq8567
3578,njk1829
3579,wxr3161
3580,clx6725
3581,pwh6867
3582,oos8583
3583,jys1570
3584,igx1433
3585,mas0729
3586,rlq8402
3587,cru2884
3588,sfm5114
3589,zyv0754
3590,tfl7317
3591,mys8218
3592,jzy1809
3593,nep2828
3594,cxy1812
3595,aok0585
3596,sjz6936
3597,hew8151
3598,uyl9472
3599,nzg0207
3600,uaq4546
3601,qgu8689
3602,lco7694
3603,tpe6449
3604,gsl8749
3605,qpv0935
3606,dqd1956
3607,ayx1598
3608,qax8558
3609,bmq7364
3610,fke5504
3611,nij5200
3612,nus3413
3613,dem0085
3614,yas9671
3615,nbp2205
3616,ven0862
3617,fnw5222
3618,irm2148
3619,bzs3850
3620,cld7946
3621,tip0440
3622,dtg9305
3623,jbf7824
3624,ked5018
3625,fny1505
3626,pyn7663
3627,fhd4472
3628,zsp9127
3629,rgg7300
3630,mef6970
3631,ccl1722
3632,lcl3591
3633,ubr7483
3634,guy3651
3635,hto7068
3636,jgw2549
3637,dez0557
3638,klt1178
3639,tgd7563
3640,unj6351
3641,tyj8136
3642,ekm0027
3643,elz9730
3644,xgp4351
3645,afp5211
3646,vwv5530
3647,imb2377
3648,aqt5309
3649,yun3513
3650,dej8841
3651,ahz9079
3652,xhj8278
3653,get6947
3654,kln6410
3655,mvw9332
3656,pje2285
3657,pkd6693
3658,lyi7782
3659,kvf3367
3660,ylb0053
3661,fjw2656
3662,pvj6731
3663,rak5553
3664,iqw3876
3665,ygq3584
3666,ocy5662
3667,xqg8121
3668,qsr0216
3669,xrd6577
3670,xtv3569
3671,efo5152
3672,xoy0952
3673,ymw1372
3674,imc0165
3675,xte1318
3676,sba0806
3677,ics7637
3678,qgh8127
3679,mxk3458
3680,ute2277
3681,uik9108
3682,vom2039
3683,eoa0450
3684,tcl8632
3685,jbx3246
3686,jey8128
3687,gbm3504
3688,pwe8519
3689,uuh2412
3690,rtg5897
3691,ipy7657
3692,npm3868
3693,mxm3296
3694,umw7514
3695,abq2326
3696,avt3702
3697,crw4439
3698,vsw3643
3699,xmu4491
3700,csd0505
3701,fih3712
3702,aak1427
3703,pbv4052
3704,esa4999
3705,gfq2076
3706,tas0079
3707,pgf7106
3708,oel5961
3709,pel8926
3710,noh3126
3711,uwa7297
3712,emx5597
3713,ugf8014
3714,lst8251
3715,udp3348
3716,bmg4801
3717,vwe9245
3718,tjf9143
3719,mvb3586
3720,hjn1527
3721,vzu9147
3722,iaw4064
3723,niq5225
3724,vcy5828
3725,xsc4328
3726,sge5705
3727,jnh9868
3728,fpb2759
3729,upe8105
3730,gbz2572
3731,dac1983
3732,ynh2855
3733,uel2830
3734,zad8832
3735,vqh0055
3736,hgx8952
3737,afk5424
3738,hpd1523
3739,obo6408
3740,uro3986
3741,kzo3504
3742,nzp2941
3743,srp7890
3744,mhh6097
3745,hkc4645
3746,lty9746
3747,psn5841
3748,zqu3421
3749,geu6192
3750,xad5219
3751,egk4168
3752,hdg6448
3753,byr4697
3754,mde6544
3755,tla1779
3756,oaq3868
3757,arv9348
3758,xnw4382
3759,kdh8176
3760,fbv9193
3761,jeq3180
3762,wri2082
3763,fse9685
3764,yek2196
3765,gxy2089
3766,eqs7662
3767,udy1060
3768,hob5074
3769,oma6191
3770,gzr8870
3771,mka6494
3772,goq3446
3773,esk4932
3774,eap2660
3775,btf1388
3776,djk7137
3777,use3233
3778,xie1239
3779,lyc6014
3780,mph5210
3781,qrs4390
3782,ivi0273
3783,tgp1900
3784,lgt6849
3785,par8955
3786,qty1831
3787,aca2103
3788,avv3395
3789,nvh7790
3790,ezn5433
3791,wlk1122
3792,wax5895
3793,pql6668
3794,jqw9569
3795,rjl4400
3796,zwz4366
3797,wmw4664
3798,bpx1429
3799,jax5142
3800,krm9597
3801,fld6982
3802,qvj4551
3803,kaw2047
3804,lym6974
3805,slw5296
3806,ihx5749
3807,isb2671
3808,cmo1729
3809,nat5382
3810,cxu7049
3811,iui7375
3812,fyz3970
3813,mrv4850
3814,vsu9609
3815,jmf6863
3816,pox5436
3817,fcf6270
3818,nzb6889
3819,ixa8446
3820,psj5142
3821,mjj4707
3822,nxv0727
3823,cnc4691
3824,jis5730
3825,yos5105
3826,ozu2807
3827,mrc7211
3828,vps1827
3829,pbn4015
3830,sgr4087
3831,sol2394
3832,tgu4776
3833,isi8702
3834,ner1658
3835,vut7531
3836,apy3682
3837,brc4246
3838,gdu0629
3839,juf0586
3840,ofw1277
3841,yho8078
3842,eio8987
3843,fhn7401
3844,dfh4790
3845,cfb4443
3846,kdy4550
3847,fcb7014
3848,qaz0176
3849,kiu7753
3850,nbe6758
3851,kxi6866
3852,wmv9237
3853,kee6587
3854,sox4195
3855,hbi0032
3856,pto7023
3857,xnt8673
3858,xxu7922
3859,rfi7662
3860,vfu6548
3861,jfp8596
3862,iom2684
3863,czj0975
3864,uin5907
3865,xlf5138
3866,bep4199
3867,ujh3501
3868,wcd2489
3869,rkb9076
3870,gvt7239
3871,ryv9947
3872,ubc0307
3873,ikx9110
3874,jvt0116
3875,gnm6233
3876,ilk5703
3877,dwo9494
3878,pwr5550
3879,kfm7320
3880,ols2165
3881,qdv4754
3882,wsw7524
3883,vbo3260
3884,kme9154
3885,ozt8647
3886,mju5037
3887,qbz3195
3888,bec6077
3889,afq0748
3890,nef1723
3891,okn6122
3892,ydc7532
3893,oik6743
3894,ygg8892
3895,ybk9433
3896,ztw7282
3897,pbn0899
3898,wsg9396
3899,vxz5858
3900,law8165
3901,ktq3893
3902,unr4687
3903,qgz5731
3904,fmz4898
3905,pls6138
3906,jnq5495
3907,epn0171
3908,jny8949
3909,ext8938
3910,xsg0724
3911,xkn4972
3912,dop0798
3913,cws6718
3914,phd7282
3915,mqp2874
3916,ude7735
3917,abu9373
3918,ljn2767
3919,fvy6568
3920,abw1066
3921,qos7571
3922,iub8728
3923,vnh9115
3924,zhb3310
3925,abc3170
3926,gio8469
3927,gga4312
3928,ney1254
3929,bbc1168
3930,gmg7803
3931,pgi5700
3932,paz3759
3933,tcg7142
3934,ckc6440
3935,nyj6469
3936,cvy3214
3937,azd7622
3938,tqj6711
3939,icm7613
3940,wmc6941
3941,fcd3942
3942,yus3683
3943,dei1907
3944,chg7983
3945,src7464
3946,xux5107
3947,gmx4079
3948,hpl3442
3949,pyi4986
3950,oqc1797
3951,mxm2493
3952,ykp0192
3953,jty4521
3954,chw1088
3955,lrq2645
3956,ssf2387
3957,fkr5613
3958,zzr4145
3959,eep1423
3960,zqv3553
3961,zpy9069
3962,wuo8312
3963,anv8422
3964,fhm7506
3965,rkk0893
3966,evw2454
3967,gqy3424
3968,jzb6978
3969,esw7743
3970,gmz0887
3971,nma0411
3972,wdn7701
3973,eho3128
3974,xkw2044
3975,ibj6775
3976,ctt3655
3977,ips0125
3978,ltr5903
3979,goy6663
3980,qub8250
3981,evo8799
3982,wzd0926
3983,pgb7809
3984,vtq7757
3985,vsc7752
3986,yob0444
3987,mbd8307
3988,mjl6965
3989,qnb6903
3990,mok6471
3991,far5434
3992,wte8706
3993,old6658
3994,yua4368
3995,bdi8967
3996,hrt5293
3997,lyd1505
3998,udx4825
3999,bmn5887
4000,dqs6456
4001,vmr2796
4002,qco3404
4003,quo6905
4004,mgh4370
4005,wrm8774
4006,eal5648
4007,nln1232
4008,jey3833
4009,nrn1629
4010,zbb0420
4011,usb0717
4012,jle5022
4013,cok9007
4014,yue8856
4015,ufz3503
4016,jeg0374
4017,mbk8685
4018,lgy6816
4019,ias7130
4020,mtb1010
4021,lzd1380
4022,ofb4735
4023,thg3201
4024,yee9472
4025,spt1658
4026,qji3904
4027,san4642
4028,ogs9839
4029,gyz4761
4030,jxp6835
4031,jwk6917
4032,nqk3664
4033,pqy3484
4034,hxw0992
4035,gee2308
4036,cqs7789
4037,pho8417
4038,syv9159
4039,ppo6518
4040,opi2343
4041,pps9476
4042,nrk0591
4043,zcv5009
4044,tdr3947
4045,nmc7712
4046,akv1647
4047,tax7838
4048,gyz9012
4049,cll9275
4050,ztz4484
4051,kqv0936
4052,mbc1487
4053,xfz9635
4054,vtc2830
4055,ygs9007
4056,grv8596
4057,apj4280
4058,jky7596
4059,bex0244
4060,tch5363
4061,zar7387
4062,wif5974
4063,lfg1061
4064,drr6075
4065,hmn3066
4066,bvg0278
4067,ojz2175
4068,juw1691
4069,oze8391
4070,qgb5708
4071,vex3672
4072,urw4311
4073,dfz8498
4074,ufi0532
4075,owh6604
4076,pvz0822
4077,jpa3134
4078,zis9460
4079,zpe6746
4080,nez2260
4081,bnb5138
4082,vxl2250
4083,odd4654
4084,lif6776
4085,lvd3780
4086,ntf4851
4087,lfo9260
4088,mms9458
4089,akb8817
4090,dej3596
4091,fuy4706
4092,unz4161
4093,oab7866
4094,cmm5865
4095,amt2259
4096,gec5100
4097,njf7842
4098,ifn5319
4099,gqy6167
4100,cvm2590
4101,kdb7310
4102,jcx5507
4103,sng2887
4104,nba8048
4105,zma1282
4106,bvf5383
4107,djv0453
4108,vwx4773
4109,eit2577
4110,trr6057
4111,cyt6916
4112,nme9232
4113,odj3679
4114,huv8563
4115,pvs0776
4116,dfg3360
4117,inw7241
4118,wqa2674
4119,adm6074
4120,crz4480
4121,elo7479
4122,fcn6553
4123,lwz7563
4124,tjd6825
4125,rwm6501
4126,gsc0617
4127,dfb8166
4128,yvo2196
4129,ffw7281
4130,aid4824
4131,fau7008
4132,jiy3552
4133,qao8376
4134,vbw1852
4135,fgj1413
4136,yaf3489
4137,cgm2826
4138,fli8837
4139,wcz0561
4140,pvh5230
4141,ibi6161
4142,loy4660
4143,wlo8398
4144,qgm2867
4145,dkw4522
4146,llp9863
4147,ufs4076
4148,acm7993
4149,phv8834
4150,war2757
4151,gql9690
4152,zba2463
4153,zhy6869
4154,hwu7921
4155,ohr3304
4156,mar0055
4157,wcc1948
4158,atq3609
4159,gaa7420
4160,gnc4298
4161,vao2023
4162,rym3457
4163,vgz0211
4164,yff0590
4165,nfd8142
4166,hcb7238
4167,ntm4907
4168,pur0973
4169,ssr1779
4170,phu5011
4171,pmj1023
4172,adj9914
4173,hao1281
4174,gfo1922
4175,yip2728
4176,fyx0795
4177,wqs1453
4178,kfs7245
4179,ipp9007
4180,cld9830
4181,mxd3051
4182,rnp1308
4183,gtw2225
4184,esj8155
4185,shc5554
4186,uhz3080
4187,elj8403
4188,hct9450
4189,dqn4601
4190,dii7200
4191,gyz0525
4192,ivh7017
4193,bxm1490
4194,hbp0409
4195,cwf1542
4196,akb9962
4197,hty2122
4198,bcn2564
4199,izn9858
4200,ugw5820
4201,oia8045
4202,otc3431
4203,elo9327
4204,ivi4416
4205,eop8157
4206,lan8819
4207,bih1305
4208,eqc0263
4209,jck3348
4210,vrr5948
4211,iwj0864
4212,odd5026
4213,qme8265
4214,oqf1577
4215,hnt2631
4216,fvb7980
4217,bin6217
4218,tpm2323
4219,ray7031
4220,fsj3556
4221,zzq3709
4222,bzp1027
4223,nnn2683
4224,fdo7062
4225,ggx7537
4226,alh6659
4227,cdo9524
4228,obd7303
4229,eux7220
4230,bcs3549
4231,efj4856
4232,uld2212
4233,hud3023
4234,oka3560
4235,pzm0870
4236,bsg0328
4237,uwd5829
4238,pop5154
4239,jup7002
4240,obz4041
4241,xao9329
4242,lxx4955
4243,vbp1220
4244,nyc3519
4245,tqz7488
4246,lmw2935
4247,lqk2607
4248,uqr4896
4249,avk5692
4250,mqe8148
4251,dmp8009
4252,hpb2064
4253,onx9627
4254,qlb9415
4255,imm3369
4256,lep4957
4257,rpl9439
4258,uyh4637
4259,xhw0410
4260,rbl4573
4261,mnc3009
4262,yis6099
4263,tek0173
4264,fgw8631
4265,ktr6398
4266,pms4569
4267,oyv2951
4268,olp4646
4269,vaf2236
4270,prz2850
4271,dts1245
4272,tqo0354
4273,rhi2710
4274,uew7027
4275,lcu3042
4276,mnj9271
4277,uxl7536
4278,jbg3843
4279,fde5773
4280,ldi8716
4281,roj5927
4282,ioa8104
4283,hni0333
4284,nei7576
4285,hbm7386
4286,nwy2937
4287,fid8040
4288,zuw5922
4289,ssa4572
4290,flm8276
4291,jel1179
4292,zub6017
4293,sni6320
4294,rna3399
4295,ibe7259
4296,jcj1892
4297,crk4034
4298,tfe9061
4299,xtq2453
4300,stn1798
4301,oib3791
4302,ydl8719
4303,mkq1136
4304,ifj6486
4305,mce4900
4306,kwj3125
4307,lic8852
4308,iof0144
4309,hxi3505
4310,ztz7893
4311,ooa3756
4312,wbc6463
4313,vox6634
4314,wji5002
4315,jis6573
4316,lrb5058
4317,yjn6835
4318,hjb1306
4319,tqn2477
4320,cbh6541
4321,cjg4634
4322,mlv4373
4323,isz6921
4324,aqo8436
4325,jpr1526
4326,xkl1137
4327,bqp6523
4328,lsc3578
4329,lsg7753
4330,kwt7095
4331,jat9473
4332,ute7772
4333,zzp7240
4334,kxp0792
4335,ldt7381
4336,pkq4122
4337,yeg4797
4338,pzx4604
4339,qsx6555
4340,jpw6155
4341,uxb2371
4342,fif7035
4343,jkn9051
4344,dfg4781
4345,ikm7241
4346,oht4494
4347,avt6175
4348,sfy2128
4349,ntr0025
4350,wmv5910
4351,gxc5458
4352,bse5510
4353,tkn9182
4354,xka4695
4355,lfr3877
4356,mht4007
4357,kin0069
4358,npc4914
4359,syv3817
4360,klw0432
4361,xcw3024
4362,kov4779
4363,zrw3897
4364,ptu9334
4365,fjp0705
4366,tqg9064
4367,cib5515
4368,bdt4746
4369,are5411
4370,wls0639
4371,pcf2775
4372,dea5473
4373,iqi3806
4374,nej6016
4375,wvt4625
4376,cmj7840
4377,azm7178
4378,ylz0703
4379,scm1447
4380,dql2831
4381,xtn7709
4382,fnd1941
4383,pke1041
4384,jqb2593
4385,tka6961
4386,fat2424
4387,lmi9474
4388,ung3777
4389,bgw1035
4390,nbf8843
4391,ggg7706
4392,zeo9238
4393,itm7102
4394,cno9730
4395,idn5281
4396,ifh6220
4397,qha0164
4398,hjy0522
4399,rpn6787
4400,kph2649
4401,zhs8391
4402,rfz3679
4403,nce6288
4404,wbd3368
4405,nxf0639
4406,bdv6148
4407,chu5319
4408,bhq6804
4409,clp0905
4410,zyw2401
4411,etl4682
4412,jmw0472
4413,arm1544
4414,tbb7291
4415,rjc9953
4416,avu5951
4417,jct0488
4418,zlg5208
4419,cga1772
4420,jif6704
4421,ily2781
4422,rce1201
4423,ncp3523
4424,vwl6648
4425,kyy5974
4426,itt2048
4427,lqr6252
4428,kes5521
4429,nsm7754
4430,rxy1755
4431,vvx3298
4432,ooi5902
4433,crr8215
4434,bng5390
4435,occ1803
4436,phk6276
4437,opa7151
4438,zqb7506
4439,lwo5576
4440,ahk9871
4441,gpq5403
4442,zbe2702
4443,jym6178
4444,jjr8962
4445,fnv1640
4446,fck3816
4447,szy0871
4448,fha1520
4449,zrm2348
4450,fbn9730
4451,ueh0884
4452,gzn0273
4453,wvx5652
4454,ylz0828
4455,jhu2185
4456,xql1074
4457,tkn0886
4458,nlw0224
4459,yso7327
4460,qin7833
4461,byp4367
4462,cnr7315
4463,eid3987
4464,xte9675
4465,sbp9177
4466,sdg2605
4467,yot1811
4468,saj5963
4469,zfm2827
4470,rfh9355
4471,xdg0400
4472,zpd4426
4473,gdx4748
4474,fda6567
4475,vch0026
4476,ksr6311
4477,exv5113
4478,muq0848
4479,dti6193
4480,tev2651
4481,hnc1231
4482,cno5591
4483,pwt7736
4484,tnl7234
4485,xix5298
4486,gdp2385
4487,irs9928
4488,mtg7045
4489,mav3992
4490,tak1303
4491,ejm6434
4492,qav0228
4493,nzf3439
4494,ajc6600
4495,qpd3922
4496,mcv9923
4497,nvh8642
4498,qtp3618
4499,pta2814
4500,wxc4301
4501,ezp1446
4502,yxq5092
4503,jqi9918
4504,hkx4599
4505,rwd5325
4506,atm8410
4507,oog1687
4508,zyo7049
4509,yqo7335
4510,vhr2538
4511,kyz0550
4512,zgc0901
4513,mlo7066
4514,uqy5486
4515,qfp3621
4516,dng0790
4517,ccl3009
4518,oip6372
4519,wfb9779
4520,teq6751
4521,tku9100
4522,rjd8607
4523,gzt9204
4524,smm1612
4525,scn3566
4526,nxh4970
4527,zpt7395
4528,wje4090
4529,dep2695
4530,psd0644
4531,iud6034
4532,rgq8542
4533,rha3031
4534,rdf0722
4535,ugn3063
4536,len4990
4537,miu9792
4538,ahv4600
4539,hqd4918
4540,zhz8489
4541,uor1020
4542,svj8506
4543,xnc4505
4544,fce6458
4545,bod8816
4546,dvk9322
4547,umw3939
4548,hnm3172
4549,gpi1234
4550,wfn1771
4551,gib2045
4552,hch1692
4553,kdn3334
4554,qvx0338
4555,jaw1517
4556,ipf9461
4557,qlu3146
4558,uaw8331
4559,rjs6939
4560,bsb6129
4561,yzh5792
4562,mun9760
4563,zrv9267
4564,isa2852
4565,lwr1196
4566,pcd0132
4567,hzg9143
4568,coa1449
4569,qhu8451
4570,vph5613
4571,hvl2262
4572,yle4529
4573,uqa8571
4574,hxe3529
4575,rkq0834
4576,lti8706
4577,zrk3504
4578,jyn0555
4579,lds0587
4580,fdt5300
4581,oyc8490
4582,ueo7837
4583,has4218
4584,acp3538
4585,syl2494
4586,lib4218
4587,mxb5623
4588,ezu2580
4589,xgu2726
4590,tmr8299
4591,qvl2716
4592,xfn1704
4593,jmr5941
4594,crq2312
4595,jma3536
4596,kma6958
4597,aup5038
4598,gws8679
4599,rys0934
4600,hry1726
4601,rwx0179
4602,ofr8225
4603,xqr3620
4604,wtz6168
4605,bqh6138
4606,hgu6993
4607,xnq1318
4608,qtu4927
4609,ylj3846
4610,ifn9157
4611,rjy6477
4612,afl2193
4613,iaq1874
4614,brg5797
4615,jcl2068
4616,xvd5454
4617,yih6047
4618,nbk8989
4619,ika0842
4620,eqk8723
4621,tkt2835
4622,wpa9945
4623,qtf6873
4624,vpv5530
4625,mlj2426
4626,siv7631
4627,niu0702
4628,iwq3685
4629,yvs6104
4630,jgo0400
4631,uiq7372
4632,exf9629
4633,jrw2187
4634,nlt8783
4635,lzp2923
4636,yac5382
4637,pau8463
4638,sdo1187
4639,ndz4612
4640,eoi4402
4641,zmd6528
4642,hcm2767
4643,yhy5825
4644,vdz8102
4645,hwb0627
4646,upe4582
4647,bwr9662
4648,unu2130
4649,amx1656
4650,eiq5313
4651,ypd4211
4652,qou1007
4653,bmp2943
4654,pco6477
4655,oei9915
4656,dqv1712
4657,qqj4506
4658,lgw0004
4659,weo0480
4660,lno0820
4661,lqh0482
4662,acz8833
4663,skp3372
4664,ddw0992
4665,fin9783
4666,bzu8117
4667,stg3226
4668,pft2724
4669,zrn7479
4670,sks8503
4671,bfk6361
4672,zyo3038
4673,xwl0503
4674,fyr1913
4675,tmy5752
4676,vvj6972
4677,whf5402
4678,thj8017
4679,rij5452
4680,xmd5065
4681,pmj9808
4682,gqu2964
4683,bam6890
4684,nro4195
4685,ubs9216
4686,ezu2674
4687,pxo5372
4688,jjh7138
4689,njh7298
4690,hfa7680
4691,gog3319
4692,gzk5684
4693,ijy7132
4694,ije8410
4695,yfp0793
4696,cyu4613
4697,hrx7653
4698,qtv7906
4699,akp7307
4700,ako0658
4701,jct2204
4702,itw5439
4703,yew9842
4704,akz0026
4705,tly3369
4706,iom7893
4707,tjt7727
4708,fyt8091
4709,ubz2267
4710,mwh2083
4711,ary0658
4712,vfa2198
4713,ahu9395
4714,etu3875
4715,gaz7107
4716,wlg3950
4717,vof0176
4718,caa6266
4719,nss9808
4720,ubp2206
4721,wpe8421
4722,ztm3523
4723,kbq3731
4724,ply9490
4725,sya8023
4726,nvu3754
4727,qwu3796
4728,lgt1624
4729,qeb0636
4730,bgf7758
4731,ytg6772
4732,aqc6131
4733,stv5124
4734,gus0971
4735,wuc9668
4736,uqb4175
4737,qfs4507
4738,qmx5614
4739,esv8781
4740,zgj1952
4741,zci7017
4742,mst2991
4743,nhk6253
4744,mmn3045
4745,ltg8127
4746,how2852
4747,jam8668
4748,pkh1071
4749,flu3459
4750,api1980
4751,whq1646
4752,kyc3964
4753,dqx5748
4754,lwa0700
4755,typ2992
4756,wur1911
4757,xgs7838
4758,vmq7329
4759,yfp0796
4760,hpf7636
4761,adb0211
4762,haj6293
4763,rno2419
4764,fte8515
4765,ezu6331
4766,dbj7326
4767,emc2269
4768,xiv5109
4769,tva2285
4770,lug4986
4771,ndc4245
4772,cus9699
4773,qoe0913
4774,npl3928
4775,bng4267
4776,qjp2916
4777,lfo2469
4778,yrt7700
4779,mxe3986
4780,jei6556
4781,tnt6929
4782,dla7545
4783,zri1101
4784,dth3008
4785,gsn4962
4786,cmp4270
4787,wus8742
4788,ylj4215
4789,bnz6481
4790,tmp9841
4791,swi0143
4792,nga8659
4793,mlm9559
4794,khf6713
4795,wvd1636
4796,svr1273
4797,klo9819
4798,smj7987
4799,ldj3637
4800,mdo1376
4801,dbm0099
4802,zyz4983
4803,ylg5112
4804,tuj3948
4805,ixf9785
4806,bff1372
4807,mhq5404
4808,vyb5136
4809,bft9318
4810,wwm4980
4811,xqk3965
4812,lgb9461
4813,jhc0290
4814,shr3419
4815,fhq8367
4816,bqp7767
4817,eea5668
4818,zry5190
4819,ynr5194
4820,ljh3319
4821,zsk3359
4822,rwp0017
4823,rsi8762
4824,kxe8008
4825,hbh6800
4826,nux6024
4827,esa6868
4828,vrc9066
4829,omw8931
4830,xkq0536
4831,ovv5679
4832,hts1675
4833,rqs7193
4834,kkq5510
4835,yqn3150
4836,ynt2370
4837,hqh9856
4838,sib7176
4839,qpx8753
4840,uwz1652
4841,adj5816
4842,cbf0946
4843,xqr4380
4844,wub6338
4845,umk7647
4846,yrq8556
4847,ito2824
4848,bno1059
4849,gte7444
4850,tmo4467
4851,vpq8296
4852,aad2981
4853,rgk8572
4854,qjm2307
4855,kel1660
4856,lgs8869
4857,stn0606
4858,oqy0666
4859,bgp3813
4860,rzw1486
4861,vni4855
4862,dhh4499
4863,hbh7467
4864,nqy1938
4865,dgu6904
4866,ioe2776
4867,myu2575
4868,ici1398
4869,bkc7194
4870,acg8185
4871,mxo6912
4872,vnn7558
4873,rwo5299
4874,kan7844
4875,oev0924
4876,jgz9337
4877,gmo6779
4878,hyn1574
4879,szm1799
4880,lqt4138
4881,gzg2485
4882,sgl9917
4883,yej6284
4884,btc9229
4885,vhc6948
4886,tdq1636
4887,pln2414
4888,dou6522
4889,ksp7372
4890,cjx8877
4891,pio4634
4892,oow9616
4893,mls6296
4894,qhw0183
4895,ixo1429
4896,zoo5919
4897,nah6692
4898,cwa7700
4899,owo5847
4900,dzf0193
4901,kux7092
4902,bma1372
4903,tts4799
4904,naq8931
4905,kez5208
4906,geb9645
4907,nuw1253
4908,aha2314
4909,nrl5951
4910,igh2068
4911,lvw5048
4912,utg3606
4913,fbq0275
4914,xru8220
4915,ixk0030
4916,nht9071
4917,mck1824
4918,ctl3886
4919,vwp9310
4920,fkd9979
4921,xkc6959
4922,ort7547
4923,czh0567
4924,yef7790
4925,twg7220
4926,yro6919
4927,mps8807
4928,bbt5443
4929,rko7995
4930,qfc5107
4931,two1890
4932,uqb4247
4933,lrq6010
4934,nwk9207
4935,lxb3122
4936,vgt5756
4937,sfi2386
4938,vah7144
4939,sty0971
4940,yfg2587
4941,gbp8860
4942,cqx8310
4943,bzh2235
4944,hdd1964
4945,ovv4914
4946,tfk5055
4947,imb9675
4948,bkw2308
4949,iqq7052
4950,ahl9526
4951,xvt5890
4952,zyh4042
4953,ilx8748
4954,yte5921
4955,yaa3957
4956,dou2991
4957,ngs0282
4958,tyt0440
4959,bck4292
4960,riz4167
4961,eob7255
4962,umw2927
4963,itq5162
4964,oeh9901
4965,imq5715
4966,hlw5091
4967,oit9679
4968,xjn6934
4969,lfg7162
4970,vtv0315
4971,unj4337
4972,nxu4765
4973,fca8264
4974,gnm9525
4975,twz0870
4976,aga6061
4977,ydo7015
4978,qxh0720
4979,laa2999
4980,urd5289
4981,jni5139
4982,bip6122
4983,nky6415
4984,itm8740
4985,kip4930
4986,qnk7099
4987,rbu5595
4988,yng1499
4989,fqh2844
4990,gbk9391
4991,szi5852
4992,sqq7934
4993,nus2529
4994,vll0484
4995,kbt2800
4996,bmb4860
4997,tya7318
4998,rzp2270
4999,doq1539
